{"days": [3, 15, 21, 27, 39, 45, 51, 63, 69, 75, 87, 93, 117, 123, 135, 141, 147, 153, 159, 165, 171, 177, 189, 207, 231, 237, 243, 261, 267, 279, 285, 291, 303, 309, 315, 333, 345, 351, 363], "model": [0.09483524345614538, 0.08089492441504612, 0.06269223617486266, 0.0627988033460931, 0.08719336013840621, 0.12431445359029904, 0.11519149403994822, 0.1047013844309313, 0.11737459183169285, 0.10125399197043546, 0.09116547559237023, 0.12657386819397867, 0.061645309645494716, 0.008113924505060587, 0.019413333636221008, 0.008446652090885293, 0.03754095856851021, 0.017623318792212697, 0.019016885642789978, 0.005616102251698497, 0.016252635800882792, 0.07549369089867983, 0.10252832653374043, 0.011414720656835041, 0.007092489676477527, 0.012701649925816799, 0.07476424527134211, 0.009177745782262946, 0.013130561336989692, 0.013759298579637126, 0.011094030442113108, 0.13009650822402488, 0.021543159203449933, 0.1261699255100314, 0.055272466035360346, 0.043677134875124625, 0.21374019599104832, 0.14680472020941254, 0.18006921341374613], "satellite": [0.0851023942232132, 0.05362663418054581, 0.030486810952425003, 0.08580990135669708, 0.11770471930503845, 0.2335388958454132, 0.11466705054044724, 0.1146998405456543, 0.20004789531230927, 0.056740693747997284, 0.12559182941913605, 0.2306148111820221, 0.03706847503781319, 0.013085597194731236, 0.04197902977466583, 0.013909204863011837, 0.04831794276833534, 0.02133503556251526, 0.027143782004714012, 0.013191687874495983, 0.021928852424025536, 0.12702040374279022, 0.21388356387615204, 0.01436539925634861, 0.01625813916325569, 0.01470254361629486, 0.1045786663889885, 0.010291633196175098, 0.014850270003080368, 0.014974608086049557, 0.01207683514803648, 0.18863755464553833, 0.01395079679787159, 0.1809123158454895, 0.04781777784228325, 0.0460672564804554, 0.36880630254745483, 0.054736748337745667, 0.3463026285171509], "ground_station": [0.12600000202655792, 0.09600000083446503, 0.07999999821186066, 0.07400000095367432, 0.0820000022649765, 0.1850000023841858, 0.1889999955892563, 0.11900000274181366, 0.10700000077486038, 0.08799999952316284, 0.061000000685453415, 0.050999999046325684, 0.024000000208616257, 0.020999999716877937, 0.03799999877810478, 0.10199999809265137, 0.07100000232458115, 0.05000000074505806, 0.02500000037252903, 0.02199999988079071, 0.02199999988079071, 0.026000000536441803, 0.1459999978542328, 0.003000000026077032, 0.0, 0.00800000037997961, 0.0010000000474974513, 0.0, 0.0, 0.0, 0.0, 0.0, 0.0, 0.21799999475479126, 0.13199999928474426, 0.10999999940395355, 0.2680000066757202, 0.15800000727176666, 0.1770000010728836]}