{"days": [3, 15, 21, 27, 39, 45, 51, 63, 69, 75, 87, 93, 99, 117, 123, 135, 141, 147, 153, 159, 165, 171, 177, 183, 189, 195, 201, 207, 231, 237, 243, 255, 261, 267, 279, 285, 291, 303, 309, 315, 327, 333, 339, 345, 351, 357, 363], "model": [0.14200257386099438, 0.12265243448855286, 0.10635138531977242, 0.10819636560485157, 0.12223075684158775, 0.13265585450077758, 0.131338406420562, 0.10968040998057099, 0.07631867946539363, 0.05801951809373587, 0.04479575128328549, 0.014593581401187525, 0.010569801708776524, 0.00967064452332654, 0.008137074472527149, 0.08797190669902855, 0.01330947997218615, 0.06779133933327625, 0.07468478192879717, 0.13505737283816038, 0.0418136725303615, 0.08873244401932481, 0.1165349134557528, 0.06890220067587138, 0.1553456218261629, 0.020070276536032907, 0.022035605075255857, 0.008868266430110664, 0.016606480787718616, 0.027096647319061754, 0.08652909891449016, 0.00991455187398885, 0.013576363233148486, 0.018085520416488615, 0.026784338839449712, 0.025613831352655568, 0.13526617561827026, 0.035444464180182, 0.18242131598849817, 0.13075969356665434, 0.10208565006272151, 0.08756193563128566, 0.07470005617768007, 0.18308409255023222, 0.1335709643490715, 0.10978244383513136, 0.13862632726014584], "satellite": [0.1378302127122879, 0.08475455641746521, 0.07107051461935043, 0.1194792315363884, 0.15932133793830872, 0.18153594434261322, 0.16512541472911835, 0.07055641710758209, 0.04110445827245712, 0.02740238606929779, 0.054608676582574844, 0.01058940403163433, 0.012088552117347717, 0.021929433569312096, 0.013238794170320034, 0.13537652790546417, 0.019982127472758293, 0.0916483998298645, 0.09233790636062622, 0.2452564686536789, 0.0775587409734726, 0.12830878794193268, 0.2044205367565155, 0.09911458194255829, 0.304927796125412, 0.026529749855399132, 0.03211557865142822, 0.026363685727119446, 0.022346680983901024, 0.03099764883518219, 0.12715183198451996, 0.011715304106473923, 0.015142600983381271, 0.020282002165913582, 0.028406506404280663, 0.026491694152355194, 0.19554731249809265, 0.028010640293359756, 0.31508955359458923, 0.06735038012266159, 0.03500661998987198, 0.0735856220126152, 0.026849450543522835, 0.3621562421321869, 0.035272687673568726, 0.0924530029296875, 0.22684721648693085], "ground_station": [0.08699999749660492, 0.07400000095367432, 0.06700000166893005, 0.06599999964237213, 0.10100000351667404, 0.11699999868869781, 0.12300000339746475, 0.08299999684095383, 0.07100000232458115, 0.05400000140070915, 0.03799999877810478, 0.03200000151991844, 0.028999999165534973, 0.010999999940395355, 0.010999999940395355, 0.041999999433755875, 0.054999999701976776, 0.06700000166893005, 0.06800000369548798, 0.06199999898672104, 0.05900000035762787, 0.05299999937415123, 0.050999999046325684, 0.04600000008940697, 0.07699999958276749, 0.07999999821186066, 0.0729999989271164, 0.06499999761581421, 0.03799999877810478, 0.027000000700354576, 0.035999998450279236, 0.03400000184774399, 0.023000000044703484, 0.020999999716877937, 0.01899999938905239, 0.014000000432133675, 0.014999999664723873, 0.014000000432133675, 0.05999999865889549, 0.05299999937415123, 0.05400000140070915, 0.04800000041723251, 0.04399999976158142, 0.06199999898672104, 0.05900000035762787, 0.05700000002980232, 0.06599999964237213]}