{"days": [3, 15, 27, 39, 45, 51, 63, 69, 75, 87, 99, 135, 141, 147, 159, 165, 171, 183, 189, 195, 201, 207, 231, 237, 243, 255, 261, 267, 279, 285, 291, 303, 309, 315, 327, 333, 339, 351], "model": [0.10876220849180632, 0.08981827162299937, 0.0934901187321357, 0.0940552053994158, 0.10384655216267075, 0.10534535573998298, 0.08949289575012605, 0.02355267534860863, 0.007360133818839218, 0.03739579732006661, 0.014880993490385243, 0.046536856286020625, 0.00935455541478417, 0.062262941864756866, 0.008854781256241933, 0.00660222947332222, 0.010048601556548457, 0.010263129140785759, 0.09362883160495969, 0.022644132754006903, 0.01672213053548282, 0.016590224257030006, 0.012250590060331515, 0.00902703328248531, 0.05700095230929345, 0.011963220952297562, 0.00979922475193728, 0.009199143197456584, 0.020224552593489608, 0.031126629056134593, 0.14336611665202442, 0.08376673613759744, 0.1417791543622914, 0.1261168288652126, 0.10044949593670975, 0.08694228143033571, 0.07184780197719737, 0.06887666874616957], "satellite": [0.09982112795114517, 0.046045079827308655, 0.11582215130329132, 0.09386719018220901, 0.15026022493839264, 0.12669140100479126, 0.06140154227614403, 0.012058960273861885, 0.013829387724399567, 0.05021859332919121, 0.02547623962163925, 0.07732582837343216, 0.031261079013347626, 0.08204029500484467, 0.014724427834153175, 0.01609857752919197, 0.014614496380090714, 0.017220208421349525, 0.19789241254329681, 0.030270399525761604, 0.020472697913646698, 0.020179595798254013, 0.014033683575689793, 0.023973368108272552, 0.08099738508462906, 0.014113514684140682, 0.02181597799062729, 0.021806789562106133, 0.027939194813370705, 0.034178297966718674, 0.20792096853256226, 0.08281506597995758, 0.31970974802970886, 0.09956862032413483, 0.08652615547180176, 0.06246425211429596, 0.04739438742399216, 0.07015705108642578], "ground_station": [0.09300000220537186, 0.09000000357627869, 0.07800000160932541, 0.12999999523162842, 0.15600000321865082, 0.13199999928474426, 0.05299999937415123, 0.04399999976158142, 0.035999998450279236, 0.032999999821186066, 0.029999999329447746, 0.0729999989271164, 0.07999999821186066, 0.11500000208616257, 0.03099999949336052, 0.02500000037252903, 0.01899999938905239, 0.01600000075995922, 0.14000000059604645, 0.09300000220537186, 0.07100000232458115, 0.029999999329447746, 0.014999999664723873, 0.012000000104308128, 0.10000000149011612, 0.03400000184774399, 0.017000000923871994, 0.014000000432133675, 0.009999999776482582, 0.006000000052154064, 0.00800000037997961, 0.00800000037997961, 0.11100000143051147, 0.07199999690055847, 0.05999999865889549, 0.07699999958276749, 0.06499999761581421, 0.0949999988079071]}